,MQ, time(s), cluster
undirect.csv,0.9,0.0,2,1,1,3,0,0,
undirect2.csv,0.6190476190476191,0.0,3,2,1,0,6,4,4,2,5,0,
undirect3.csv,0.2222222222222222,0.0,3,5,2,4,5,3,1,0,2,2,
