,MQ, time(s), cluster
undirect.csv,1.7142857142857142,0.0,0,0,0,1,1,1,
undirect2.csv,1.8047619047619048,0.0,0,0,1,2,2,1,3,3,3,2,
undirect3.csv,2.3333333333333335,0.015624761581420898,0,0,0,1,1,1,2,2,2,2,
