,MQ, time(s), cluster
undirect.csv,1.7142857142857142,0.0,1,1,1,0,0,0,
undirect2.csv,1.5272727272727273,0.0,1,1,1,1,1,0,0,0,0,0,
undirect3.csv,2.3333333333333335,0.0,2,2,2,1,1,1,0,0,0,0,
