,MQ, time(s), cluster
undirect.csv,0.4,0.0,1,2,2,3,0,1,
undirect2.csv,0.2222222222222222,0.0,5,2,1,1,5,0,4,2,3,6,
undirect3.csv,0.7857142857142857,0.0,3,2,0,1,4,0,3,0,5,3,
