,MQ, time(s), cluster
undirect.csv,1.7142857142857142,0.007018566131591797,0,0,0,1,1,1,
undirect2.csv,1.5666666666666667,0.004004955291748047,1,1,4,2,2,4,0,3,0,0,
undirect3.csv,1.7976190476190477,0.002004861831665039,2,2,2,1,0,0,1,1,1,1,
