,MQ, time(s), cluster
undirect.csv,1.7142857142857142,0.0005297660827636719,1,1,1,0,0,0,
undirect2.csv,1.727272727272727,0.0010023117065429688,2,2,2,1,1,0,0,0,0,0,
undirect3.csv,2.3333333333333335,0.0005009174346923828,2,2,2,1,1,1,0,0,0,0,
