,MQ, time(s), cluster
undirect.csv,1.7142857142857142,0.01560831069946289,0,0,0,1,1,1,
undirect2.csv,1.727272727272727,0.0,2,2,2,1,1,0,0,0,0,0,
undirect3.csv,1.7976190476190477,0.0,2,0,2,1,1,1,0,0,0,0,
