,MQ, time(s), cluster
undirect.csv,1.7142857142857142,0.0010030269622802734,0,0,0,1,1,1,
undirect2.csv,1.8047619047619048,0.004992246627807617,0,0,1,2,2,1,3,3,3,2,
undirect3.csv,2.3333333333333335,0.00451207160949707,0,0,0,1,1,1,2,2,2,2,
